<ImportExportXml version="8.2.0002.2257" SolutionPackageVersion="8.2" languagecode="1033" generatedBy="CrmLive" xmlns:xsi="http://www.w3.org/2001/XMLSchema-instance">
  <SolutionManifest>
    <UniqueName>StatementofObservationReporting</UniqueName>
    <LocalizedNames>
      <LocalizedName description="SOR - Statement of Observation Reporting" languagecode="1033" />
    </LocalizedNames>
    <Descriptions />
    <Version>0.1.0.0</Version>
    <Managed>0</Managed>
    <Publisher>
      <UniqueName>csc</UniqueName>
      <LocalizedNames>
        <LocalizedName description="Correctional Services Canada" languagecode="1033" />
      </LocalizedNames>
      <Descriptions />
      <EMailAddress xsi:nil="true"></EMailAddress>
      <SupportingWebsiteUrl xsi:nil="true"></SupportingWebsiteUrl>
      <CustomizationPrefix>csc</CustomizationPrefix>
      <CustomizationOptionValuePrefix>86243</CustomizationOptionValuePrefix>
      <Addresses>
        <Address>
          <AddressNumber>1</AddressNumber>
          <AddressTypeCode>1</AddressTypeCode>
          <City xsi:nil="true"></City>
          <County xsi:nil="true"></County>
          <Country xsi:nil="true"></Country>
          <Fax xsi:nil="true"></Fax>
          <FreightTermsCode xsi:nil="true"></FreightTermsCode>
          <ImportSequenceNumber xsi:nil="true"></ImportSequenceNumber>
          <Latitude xsi:nil="true"></Latitude>
          <Line1 xsi:nil="true"></Line1>
          <Line2 xsi:nil="true"></Line2>
          <Line3 xsi:nil="true"></Line3>
          <Longitude xsi:nil="true"></Longitude>
          <Name xsi:nil="true"></Name>
          <PostalCode xsi:nil="true"></PostalCode>
          <PostOfficeBox xsi:nil="true"></PostOfficeBox>
          <PrimaryContactName xsi:nil="true"></PrimaryContactName>
          <ShippingMethodCode>1</ShippingMethodCode>
          <StateOrProvince xsi:nil="true"></StateOrProvince>
          <Telephone1 xsi:nil="true"></Telephone1>
          <Telephone2 xsi:nil="true"></Telephone2>
          <Telephone3 xsi:nil="true"></Telephone3>
          <TimeZoneRuleVersionNumber xsi:nil="true"></TimeZoneRuleVersionNumber>
          <UPSZone xsi:nil="true"></UPSZone>
          <UTCOffset xsi:nil="true"></UTCOffset>
          <UTCConversionTimeZoneCode xsi:nil="true"></UTCConversionTimeZoneCode>
        </Address>
        <Address>
          <AddressNumber>2</AddressNumber>
          <AddressTypeCode>1</AddressTypeCode>
          <City xsi:nil="true"></City>
          <County xsi:nil="true"></County>
          <Country xsi:nil="true"></Country>
          <Fax xsi:nil="true"></Fax>
          <FreightTermsCode xsi:nil="true"></FreightTermsCode>
          <ImportSequenceNumber xsi:nil="true"></ImportSequenceNumber>
          <Latitude xsi:nil="true"></Latitude>
          <Line1 xsi:nil="true"></Line1>
          <Line2 xsi:nil="true"></Line2>
          <Line3 xsi:nil="true"></Line3>
          <Longitude xsi:nil="true"></Longitude>
          <Name xsi:nil="true"></Name>
          <PostalCode xsi:nil="true"></PostalCode>
          <PostOfficeBox xsi:nil="true"></PostOfficeBox>
          <PrimaryContactName xsi:nil="true"></PrimaryContactName>
          <ShippingMethodCode>1</ShippingMethodCode>
          <StateOrProvince xsi:nil="true"></StateOrProvince>
          <Telephone1 xsi:nil="true"></Telephone1>
          <Telephone2 xsi:nil="true"></Telephone2>
          <Telephone3 xsi:nil="true"></Telephone3>
          <TimeZoneRuleVersionNumber xsi:nil="true"></TimeZoneRuleVersionNumber>
          <UPSZone xsi:nil="true"></UPSZone>
          <UTCOffset xsi:nil="true"></UTCOffset>
          <UTCConversionTimeZoneCode xsi:nil="true"></UTCConversionTimeZoneCode>
        </Address>
      </Addresses>
    </Publisher>
    <RootComponents>
      <RootComponent type="1" schemaName="csc_observationstatement" behavior="0" />
      <RootComponent type="1" schemaName="csc_sordefaultprocess" behavior="0" />
      <RootComponent type="1" schemaName="csc_statementdetail" behavior="0" />
      <RootComponent type="1" schemaName="csc_statementdetailsubject" behavior="0" />
      <RootComponent type="9" schemaName="csc_forceuse" behavior="0" />
      <RootComponent type="9" schemaName="csc_observerroles" behavior="0" />
      <RootComponent type="9" schemaName="csc_sorsubjecttype" behavior="0" />
      <RootComponent type="9" schemaName="csc_statementtype" behavior="0" />
      <RootComponent type="20" id="{b01b33d7-2769-e811-8148-480fcfebc391}" behavior="0" />
      <RootComponent type="29" id="{2e15bbac-5c0a-4909-879d-e6fbf81d0b88}" behavior="0" />
      <RootComponent type="29" id="{445c3fec-5d68-42a7-a533-c96d57c907b7}" behavior="0" />
      <RootComponent type="29" id="{7fa1542b-89f4-41fc-a4af-66cc85a7c539}" behavior="0" />
      <RootComponent type="29" id="{99027691-2669-e811-8148-480fcfebc391}" behavior="0" />
      <RootComponent type="29" id="{9e217a4f-c012-4893-9392-742487749cef}" behavior="0" />
      <RootComponent type="29" id="{ce7950e0-a774-4810-bd71-ea67af07b521}" behavior="0" />
      <RootComponent type="29" id="{d74fbfdb-2569-e811-8148-480fcfebc391}" behavior="0" />
      <RootComponent type="29" id="{dd0f06cc-2269-e811-8148-480fcfebc391}" behavior="0" />
      <RootComponent type="29" id="{eff629e7-c7d5-4fea-b8dd-1a2f4ca2b2b9}" behavior="0" />
      <RootComponent type="60" id="{00ba3425-6e98-4c58-8bde-95ee1c549669}" behavior="0" />
      <RootComponent type="60" id="{2775825b-2d5c-4db5-bf3f-d27e9932e29d}" behavior="0" />
      <RootComponent type="60" id="{3256abdf-7c07-491e-ac35-1f9bca51fe20}" behavior="0" />
      <RootComponent type="60" id="{4a63c8d1-6c1e-48ec-9db4-3e6c7155334c}" behavior="0" />
      <RootComponent type="60" id="{77c2494b-b5f3-4faa-bace-5768963aae22}" behavior="0" />
      <RootComponent type="60" id="{c30939c0-5911-4375-91ab-6533e6b36f39}" behavior="0" />
      <RootComponent type="61" schemaName="csc_/SOR/ObservationStatement.js" behavior="0" />
      <RootComponent type="62" schemaName="csc_SorReporting" behavior="0" />
      <RootComponent type="80" schemaName="csc_SorReporting" behavior="0" />
      <RootComponent type="91" schemaName="Sor.Plugins, Version=1.0.0.0, Culture=neutral, PublicKeyToken=84dd7d6762d1cf1e" behavior="0" />
    </RootComponents>
    <MissingDependencies>
      <MissingDependency>
        <Required key="0" type="1" schemaName="tcdts_deficiency" displayName="Deficiency" solution="Active" />
        <Dependent key="1" type="60" displayName="Request" parentDisplayName="Request" id="{4a63c8d1-6c1e-48ec-9db4-3e6c7155334c}" />
      </MissingDependency>
      <MissingDependency>
        <Required key="2" type="2" schemaName="tcdts_dateentered" displayName="Date Entered" parentSchemaName="incident" parentDisplayName="Request" solution="Active" />
        <Dependent key="1" type="60" displayName="Request" parentDisplayName="Request" id="{4a63c8d1-6c1e-48ec-9db4-3e6c7155334c}" />
      </MissingDependency>
      <MissingDependency>
        <Required key="3" type="2" schemaName="tcdts_coreactivity" displayName="Core Activity" parentSchemaName="incident" parentDisplayName="Request" solution="Active" />
        <Dependent key="1" type="60" displayName="Request" parentDisplayName="Request" id="{4a63c8d1-6c1e-48ec-9db4-3e6c7155334c}" />
      </MissingDependency>
      <MissingDependency>
        <Required key="4" type="2" schemaName="tcdts_routing" displayName="routing" parentSchemaName="incident" parentDisplayName="Request" solution="Active" />
        <Dependent key="1" type="60" displayName="Request" parentDisplayName="Request" id="{4a63c8d1-6c1e-48ec-9db4-3e6c7155334c}" />
      </MissingDependency>
      <MissingDependency>
        <Required key="5" type="2" schemaName="int_customereffort" displayName="Customer Effort" parentSchemaName="incident" parentDisplayName="Request" solution="FreeTrialBaseSolution2 (2.1.0.0)" />
        <Dependent key="1" type="60" displayName="Request" parentDisplayName="Request" id="{4a63c8d1-6c1e-48ec-9db4-3e6c7155334c}" />
      </MissingDependency>
      <MissingDependency>
        <Required key="6" type="2" schemaName="tcdts_vesselmodified" displayName="Vessel Modified" parentSchemaName="incident" parentDisplayName="Request" solution="Active" />
        <Dependent key="1" type="60" displayName="Request" parentDisplayName="Request" id="{4a63c8d1-6c1e-48ec-9db4-3e6c7155334c}" />
      </MissingDependency>
      <MissingDependency>
        <Required key="7" type="2" schemaName="tcdts_vesselid" displayName="Vessel" parentSchemaName="incident" parentDisplayName="Request" solution="Active" />
        <Dependent key="1" type="60" displayName="Request" parentDisplayName="Request" id="{4a63c8d1-6c1e-48ec-9db4-3e6c7155334c}" />
      </MissingDependency>
      <MissingDependency>
        <Required key="8" type="2" schemaName="msdyn_incidenttype" displayName="Incident Type" parentSchemaName="incident" parentDisplayName="Request" solution="FieldService (6.1.0.1462)" />
        <Dependent key="1" type="60" displayName="Request" parentDisplayName="Request" id="{4a63c8d1-6c1e-48ec-9db4-3e6c7155334c}" />
      </MissingDependency>
      <MissingDependency>
        <Required key="9" type="2" schemaName="tcdts_datereceived" displayName="Date Received" parentSchemaName="incident" parentDisplayName="Request" solution="Active" />
        <Dependent key="1" type="60" displayName="Request" parentDisplayName="Request" id="{4a63c8d1-6c1e-48ec-9db4-3e6c7155334c}" />
      </MissingDependency>
      <MissingDependency>
        <Required key="10" type="2" schemaName="tcdts_requeststatus" displayName="Request Status" parentSchemaName="incident" parentDisplayName="Request" solution="Active" />
        <Dependent key="1" type="60" displayName="Request" parentDisplayName="Request" id="{4a63c8d1-6c1e-48ec-9db4-3e6c7155334c}" />
      </MissingDependency>
      <MissingDependency>
        <Required key="11" type="2" schemaName="tcdts_requesttype" displayName="Request Type" parentSchemaName="incident" parentDisplayName="Request" solution="Active" />
        <Dependent key="1" type="60" displayName="Request" parentDisplayName="Request" id="{4a63c8d1-6c1e-48ec-9db4-3e6c7155334c}" />
      </MissingDependency>
      <MissingDependency>
        <Required key="12" type="2" schemaName="tcdts_vesseloperatorcontacted" displayName="Vessel Operator Contacted" parentSchemaName="incident" parentDisplayName="Request" solution="Active" />
        <Dependent key="1" type="60" displayName="Request" parentDisplayName="Request" id="{4a63c8d1-6c1e-48ec-9db4-3e6c7155334c}" />
      </MissingDependency>
      <MissingDependency>
        <Required key="9" type="2" schemaName="tcdts_datereceived" displayName="Date Received" parentSchemaName="incident" parentDisplayName="Request" solution="Active" />
        <Dependent key="13" type="60" displayName="SoR Incident" parentDisplayName="Request" id="{00ba3425-6e98-4c58-8bde-95ee1c549669}" />
      </MissingDependency>
      <MissingDependency>
        <Required key="7" type="2" schemaName="tcdts_vesselid" displayName="Vessel" parentSchemaName="incident" parentDisplayName="Request" solution="Active" />
        <Dependent key="13" type="60" displayName="SoR Incident" parentDisplayName="Request" id="{00ba3425-6e98-4c58-8bde-95ee1c549669}" />
      </MissingDependency>
      <MissingDependency>
        <Required key="3" type="2" schemaName="tcdts_coreactivity" displayName="Core Activity" parentSchemaName="incident" parentDisplayName="Request" solution="Active" />
        <Dependent key="13" type="60" displayName="SoR Incident" parentDisplayName="Request" id="{00ba3425-6e98-4c58-8bde-95ee1c549669}" />
      </MissingDependency>
      <MissingDependency>
        <Required key="4" type="2" schemaName="tcdts_routing" displayName="routing" parentSchemaName="incident" parentDisplayName="Request" solution="Active" />
        <Dependent key="13" type="60" displayName="SoR Incident" parentDisplayName="Request" id="{00ba3425-6e98-4c58-8bde-95ee1c549669}" />
      </MissingDependency>
      <MissingDependency>
        <Required key="11" type="2" schemaName="tcdts_requesttype" displayName="Request Type" parentSchemaName="incident" parentDisplayName="Request" solution="Active" />
        <Dependent key="13" type="60" displayName="SoR Incident" parentDisplayName="Request" id="{00ba3425-6e98-4c58-8bde-95ee1c549669}" />
      </MissingDependency>
      <MissingDependency>
        <Required key="10" type="2" schemaName="tcdts_requeststatus" displayName="Request Status" parentSchemaName="incident" parentDisplayName="Request" solution="Active" />
        <Dependent key="13" type="60" displayName="SoR Incident" parentDisplayName="Request" id="{00ba3425-6e98-4c58-8bde-95ee1c549669}" />
      </MissingDependency>
      <MissingDependency>
        <Required key="2" type="2" schemaName="tcdts_dateentered" displayName="Date Entered" parentSchemaName="incident" parentDisplayName="Request" solution="Active" />
        <Dependent key="13" type="60" displayName="SoR Incident" parentDisplayName="Request" id="{00ba3425-6e98-4c58-8bde-95ee1c549669}" />
      </MissingDependency>
      <MissingDependency>
        <Required key="14" type="10" schemaName="msdyn_incident_msdyn_workorder_ServiceRequest" displayName="msdyn_incident_msdyn_workorder_ServiceRequest" parentSchemaName="msdyn_workorder" parentDisplayName="Work Order" solution="FieldService (6.1.0.1462)" />
        <Dependent key="1" type="60" displayName="Request" parentDisplayName="Request" id="{4a63c8d1-6c1e-48ec-9db4-3e6c7155334c}" />
      </MissingDependency>
      <MissingDependency>
        <Required key="15" type="10" schemaName="tcdts__vessel_incident" displayName="tcdts__vessel_incident" parentSchemaName="incident" parentDisplayName="Request" solution="Active" />
        <Dependent key="1" type="60" displayName="Request" parentDisplayName="Request" id="{4a63c8d1-6c1e-48ec-9db4-3e6c7155334c}" />
      </MissingDependency>
      <MissingDependency>
        <Required key="16" type="10" schemaName="msdyn_msdyn_incidenttype_incident_IncidentType" displayName="msdyn_msdyn_incidenttype_incident_IncidentType" parentSchemaName="incident" parentDisplayName="Request" solution="FieldService (6.1.0.1462)" />
        <Dependent key="1" type="60" displayName="Request" parentDisplayName="Request" id="{4a63c8d1-6c1e-48ec-9db4-3e6c7155334c}" />
      </MissingDependency>
      <MissingDependency>
        <Required key="17" type="10" schemaName="tcdts_incident_tcdts_deficiency" displayName="tcdts_incident_tcdts_deficiency" parentSchemaName="tcdts_deficiency" parentDisplayName="Deficiency" solution="Active" />
        <Dependent key="1" type="60" displayName="Request" parentDisplayName="Request" id="{4a63c8d1-6c1e-48ec-9db4-3e6c7155334c}" />
      </MissingDependency>
      <MissingDependency>
        <Required key="14" type="10" schemaName="msdyn_incident_msdyn_workorder_ServiceRequest" displayName="msdyn_incident_msdyn_workorder_ServiceRequest" parentSchemaName="msdyn_workorder" parentDisplayName="Work Order" solution="FieldService (6.1.0.1462)" />
        <Dependent key="13" type="60" displayName="SoR Incident" parentDisplayName="Request" id="{00ba3425-6e98-4c58-8bde-95ee1c549669}" />
      </MissingDependency>
      <MissingDependency>
        <Required key="17" type="10" schemaName="tcdts_incident_tcdts_deficiency" displayName="tcdts_incident_tcdts_deficiency" parentSchemaName="tcdts_deficiency" parentDisplayName="Deficiency" solution="Active" />
        <Dependent key="13" type="60" displayName="SoR Incident" parentDisplayName="Request" id="{00ba3425-6e98-4c58-8bde-95ee1c549669}" />
      </MissingDependency>
      <MissingDependency>
        <Required key="18" type="10" schemaName="tcdts_incident_tcdts_inspectableitem" displayName="tcdts_incident_tcdts_inspectableitem" parentSchemaName="tcdts_inspectableitem" parentDisplayName="Inspectable Item" solution="Active" />
        <Dependent key="13" type="60" displayName="SoR Incident" parentDisplayName="Request" id="{00ba3425-6e98-4c58-8bde-95ee1c549669}" />
      </MissingDependency>
      <MissingDependency>
        <Required key="15" type="10" schemaName="tcdts__vessel_incident" displayName="tcdts__vessel_incident" parentSchemaName="incident" parentDisplayName="Request" solution="Active" />
        <Dependent key="13" type="60" displayName="SoR Incident" parentDisplayName="Request" id="{00ba3425-6e98-4c58-8bde-95ee1c549669}" />
      </MissingDependency>
      <MissingDependency>
        <Required key="19" type="10" schemaName="bpf_incident_msdyn_bpf_989e9b1857e24af18787d5143b67523b" displayName="bpf_incident_msdyn_bpf_989e9b1857e24af18787d5143b67523b" parentSchemaName="msdyn_bpf_989e9b1857e24af18787d5143b67523b" parentDisplayName="Case to Work Order Business Process" solution="FieldService (6.1.0.1462)" />
        <Dependent key="13" type="60" displayName="SoR Incident" parentDisplayName="Request" id="{00ba3425-6e98-4c58-8bde-95ee1c549669}" />
      </MissingDependency>
      <MissingDependency>
        <Required key="20" type="26" schemaName="Active Deficiencies" displayName="Active Deficiencies" parentSchemaName="tcdts_deficiency" parentDisplayName="Deficiency" solution="Active" id="{7972de6a-ed42-466b-9593-cb4adb82e931}" />
        <Dependent key="1" type="60" displayName="Request" parentDisplayName="Request" id="{4a63c8d1-6c1e-48ec-9db4-3e6c7155334c}" />
      </MissingDependency>
      <MissingDependency>
        <Required key="21" type="60" displayName="Information" parentDisplayName="Vessel" solution="Active" id="{24321440-2950-4a93-81cd-ca34a4326f6a}" />
        <Dependent key="1" type="60" displayName="Request" parentDisplayName="Request" id="{4a63c8d1-6c1e-48ec-9db4-3e6c7155334c}" />
      </MissingDependency>
      <MissingDependency>
        <Required key="21" type="60" displayName="Information" parentDisplayName="Vessel" solution="Active" id="{24321440-2950-4a93-81cd-ca34a4326f6a}" />
        <Dependent key="13" type="60" displayName="SoR Incident" parentDisplayName="Request" id="{00ba3425-6e98-4c58-8bde-95ee1c549669}" />
      </MissingDependency>
      <MissingDependency>
        <Required key="22" type="61" schemaName="msdyn_/Images/AppModule_Default_Icon.png" displayName="msdyn_/Images/AppModule_Default_Icon.png" solution="AppModuleWebResources (2.0)" />
        <Dependent key="23" type="80" schemaName="csc_SorReporting" displayName="Statement of Observation Reporting" />
      </MissingDependency>
      <MissingDependency>
        <Required key="24" type="61" schemaName="msdyn_/Case/Case.Library.js" displayName="msdyn_/Case/Case.Library.js" solution="FieldService (6.1.0.1462)" />
        <Dependent key="1" type="60" displayName="Request" parentDisplayName="Request" id="{4a63c8d1-6c1e-48ec-9db4-3e6c7155334c}" />
      </MissingDependency>
      <MissingDependency>
        <Required key="25" type="61" schemaName="msdyn_/Utils/head.js" displayName="msdyn_/Utils/head.js" solution="FieldService (6.1.0.1462)" />
        <Dependent key="1" type="60" displayName="Request" parentDisplayName="Request" id="{4a63c8d1-6c1e-48ec-9db4-3e6c7155334c}" />
      </MissingDependency>
    </MissingDependencies>
  </SolutionManifest>
</ImportExportXml>